,City,Lat,Lng,Max Temp,Humidity,Cloudiness,Windspeed,Country,Date
0,puerto santa,-8.9906,-78.6456,64.02,80,91,9.08,PE,1723302598
1,bubaque,11.2833,-15.8333,78.84,87,100,20.24,GW,1723302598
2,port-aux-francais,-49.35,70.2167,35.65,70,91,13.78,TF,1723302598
3,atafu village,-8.5421,-172.5159,82.2,78,61,17.54,TK,1723302599
4,balkanabat,39.5108,54.3671,100.89,23,0,4.63,TM,1723302599
5,sisimiut,66.9395,-53.6735,41.67,93,100,12.19,GL,1723302599
6,blackmans bay,-43.0167,147.3167,57.72,61,32,5.01,AU,1723302599
7,sao joaquim,-28.2939,-49.9317,47.73,59,52,3.58,BR,1723302599
8,cadale,2.7603,46.3222,77.9,81,81,18.37,SO,1723302599
9,wailua homesteads,22.0669,-159.378,75.99,88,40,13.8,US,1723302599
10,luau,-10.7073,22.2247,91.63,8,0,0.38,AO,1723302599
11,selfoss,63.9331,-20.9971,56.23,66,100,4.85,IS,1723302600
12,saipan,15.1355,145.701,83.1,78,20,0.0,MP,1723302456
13,najran,17.4924,44.1277,95.07,13,70,18.32,SA,1723302600
14,saurimo,-9.6608,20.3916,92.77,8,8,3.6,AO,1723302600
15,bilibino,68.0546,166.4372,49.68,93,100,5.7,RU,1723302600
16,papao,-17.75,-149.55,73.02,75,51,9.82,PF,1723302600
17,norfolk,42.1668,-71.2495,83.82,78,40,5.75,US,1723302561
18,kayangel,8.0823,134.7173,83.52,73,92,6.26,PW,1723302600
19,ilulissat,69.2167,-51.1,38.07,92,100,1.25,GL,1723302601
20,avarua,-21.2078,-159.775,68.05,64,75,2.3,CK,1723302601
21,gazli,40.1333,63.45,93.43,17,0,10.4,UZ,1723302601
22,san patricio,28.017,-97.5169,88.7,62,3,4.36,US,1723302601
23,luganville,-15.5333,167.1667,75.2,78,93,11.07,VU,1723302601
24,edinburgh of the seven seas,-37.0676,-12.3116,53.94,75,69,21.23,SH,1723302601
25,qusmuryn,52.4503,64.6311,61.18,54,85,4.65,KZ,1723302601
26,bredasdorp,-34.5322,20.0403,59.67,74,88,25.43,ZA,1723302433
27,sao vicente,-23.9631,-46.3919,53.98,26,100,14.14,BR,1723302601
28,tinajo,29.0788,-13.7081,81.48,54,20,21.85,ES,1723302601
29,adamstown,-25.066,-130.1015,64.18,74,40,14.0,PN,1723302602
30,margate,51.3813,1.3862,76.69,59,17,14.63,GB,1723302602
31,albany,42.6001,-73.9662,76.59,62,0,1.01,US,1723302518
32,al jawf,29.5,38.75,99.82,10,0,11.25,SA,1723302602
33,dibba al-hisn,25.6196,56.2729,88.79,69,99,6.44,AE,1723302602
34,tha maka,13.9,99.7667,84.29,73,71,4.0,TH,1723302602
35,waitangi,-43.9535,-176.5597,49.15,66,15,5.75,NZ,1723302602
36,port mathurin,-19.6833,63.4167,72.0,71,99,24.32,MU,1723302602
37,huilong,31.8111,121.655,82.8,85,80,12.86,CN,1723302602
38,isafjordur,66.0755,-23.124,48.24,87,100,0.0,IS,1723302559
39,longyearbyen,78.2186,15.6401,57.04,72,0,3.44,SJ,1723302603
40,i-n-salah,27.1935,2.4607,110.55,8,0,27.72,DZ,1723302308
41,portland,45.5234,-122.6762,64.94,85,100,3.44,US,1723302603
42,tiksi,71.6872,128.8694,36.75,77,72,7.31,RU,1723302603
43,namibe,-15.1961,12.1522,70.25,75,25,11.34,AO,1723302603
44,ilovlya,49.3033,43.9796,82.92,29,54,13.89,RU,1723302603
45,olonkinbyen,70.9221,-8.7187,41.43,94,98,6.89,SJ,1723302603
46,paracuru,-3.41,-39.0306,85.96,52,23,17.83,BR,1723302603
47,geraldton,-28.7667,114.6,63.01,94,0,8.05,AU,1723302603
48,rio maior,39.3373,-8.9391,87.26,57,0,1.01,PT,1723302604
49,kerikeri,-35.2268,173.9474,42.91,91,20,1.99,NZ,1723302604
50,puerto natales,-51.7236,-72.4875,39.65,93,100,0.0,CL,1723302604
51,callao,-12.0667,-77.15,59.29,88,100,2.3,PE,1723302604
52,thompson,55.7435,-97.8558,71.62,49,100,5.14,CA,1723302604
53,yellowknife,62.456,-114.3525,68.41,72,20,12.66,CA,1723302341
54,kingston,17.997,-76.7936,89.17,66,20,3.44,JM,1723302376
55,vadso,70.0744,29.7487,71.76,53,0,13.8,NO,1723302604
56,mapimi,25.8167,-103.85,76.19,56,52,6.4,MX,1723302605
57,lazaro cardenas,17.9583,-102.2,81.34,85,98,2.59,MX,1723302605
58,dunedin,-45.8742,170.5036,41.81,93,68,5.59,NZ,1723302605
59,aasiaat,68.7098,-52.8699,37.69,96,100,0.18,GL,1723302605
60,auki,-8.7676,160.7034,75.96,91,99,3.62,SB,1723302605
61,bethel,41.3712,-73.414,80.69,71,75,3.44,US,1723302605
62,pacasmayo,-7.4006,-79.5714,66.67,75,32,10.54,PE,1723302606
63,sinabang,2.4803,96.3801,78.46,89,100,11.21,ID,1723302606
64,invercargill,-46.4,168.35,45.01,87,98,3.0,NZ,1723302606
65,kangding,30.0513,101.9603,59.16,99,100,2.62,CN,1723302606
66,grytviken,-54.2811,-36.5092,11.77,71,100,2.19,GS,1723302606
67,susuman,62.7833,148.1667,56.37,55,91,5.95,RU,1723302606
68,college,64.8569,-147.8028,49.98,88,100,8.05,US,1723302337
69,gadzhiyevo,69.2551,33.3362,66.83,50,62,13.18,RU,1723302606
70,chinde,26.8212,87.7095,76.84,92,99,2.8,NP,1723302606
71,bahia blanca,-38.7196,-62.2724,49.73,85,100,13.73,AR,1723302606
72,kwatarkwashi,12.1408,6.822,80.83,71,88,11.48,NG,1723302607
73,margaret river,-33.95,115.0667,63.0,80,100,22.24,AU,1723302607
74,papatowai,-46.5619,169.4708,45.99,79,81,6.6,NZ,1723302607
75,nova sintra,14.8667,-24.7167,78.22,81,98,15.05,CV,1723302607
76,flying fish cove,-10.4217,105.6791,76.68,88,100,10.36,CX,1723302607
77,talnakh,69.4865,88.3972,61.56,46,0,4.07,RU,1723302607
78,hasaki,35.7333,140.8333,79.95,82,100,24.74,JP,1723302607
79,pitimbu,-7.4706,-34.8086,79.12,62,40,9.46,BR,1723302607
80,acajutla,13.5928,-89.8275,83.71,74,99,4.65,SV,1723302607
81,sarina,-21.4333,149.2167,69.26,1,99,10.11,AU,1723302607
82,arraial do cabo,-22.9661,-42.0278,64.26,88,100,6.91,BR,1723302608
83,langepas,61.2544,75.2124,55.09,75,100,11.65,RU,1723302608
84,miranda,3.2499,-76.2281,74.91,77,69,3.8,CO,1723302462
85,harstad,68.799,16.5293,65.62,66,100,18.99,NO,1723302608
86,hola prystan',46.5206,32.5258,87.75,32,34,14.56,UA,1723302608
87,whitehorse,60.7161,-135.0538,55.81,76,75,10.0,CA,1723302608
88,mata-utu,-13.2816,-176.1745,78.49,77,100,23.49,WF,1723302608
89,tomatlan,19.9333,-105.25,80.37,80,56,3.2,MX,1723302608
90,ierapetra,35.01,25.7353,91.15,30,0,11.01,GR,1723302608
91,hermanus,-34.4187,19.2345,58.48,84,74,23.73,ZA,1723302609
92,keflavik,64.0049,-22.5624,54.03,76,0,8.05,IS,1723302314
93,puerto armuelles,8.2833,-82.8667,79.09,86,100,1.01,PA,1723302436
94,deqen,29.9618,90.7188,50.65,64,45,4.25,CN,1723302609
95,iskateley,67.6803,53.1512,63.55,65,46,9.73,RU,1723302609
96,sault ste. marie,46.5168,-84.3333,59.29,88,100,16.11,CA,1723302451
97,tafuna,-14.3358,-170.72,76.87,79,100,22.68,AS,1723302609
98,ribeira grande,38.5167,-28.7,79.2,73,75,17.0,PT,1723302609
99,mount gambier,-37.8333,140.7667,44.24,98,36,4.27,AU,1723302609
100,port alfred,-33.5906,26.891,74.89,45,83,4.59,ZA,1723302609
101,chipinge,-20.1883,32.6236,77.7,15,0,10.45,ZW,1723302610
102,anadyr,64.75,177.4833,37.9,87,0,4.47,RU,1723302610
103,hithadhoo,-0.6,73.0833,82.35,76,92,8.28,MV,1723302610
104,longgang,37.6508,120.3286,80.53,92,1,12.01,CN,1723302610
105,svetlogorsk,52.6333,29.7333,73.58,64,53,13.4,BY,1723302610
106,guerrero negro,27.9769,-114.0611,69.8,79,8,10.2,MX,1723302343
107,tabou,4.423,-7.3528,77.94,78,64,11.27,CI,1723302610
108,new plymouth,-39.0667,174.0833,41.31,100,7,3.0,NZ,1723302610
109,nalut,30.3333,10.85,98.37,14,0,13.13,LY,1723302610
110,rosario do sul,-30.2583,-54.9142,53.26,66,0,8.21,BR,1723302610
111,armacao de buzios,-22.7469,-41.8817,64.92,89,99,22.84,BR,1723302610
112,ushuaia,-54.8,-68.3,33.98,95,98,1.43,AR,1723302610
113,walvis bay,-22.9575,14.5053,65.34,57,11,24.76,NA,1723302611
114,qaqortoq,60.7167,-46.0333,44.19,94,100,8.03,GL,1723302611
115,sola,-13.8833,167.55,77.63,74,82,23.73,VU,1723302611
116,ntoum,0.3833,9.7833,82.92,63,85,7.43,GA,1723302611
117,okhotsk,59.3833,143.3,56.12,89,98,8.93,RU,1723302611
118,minas de marcona,-15.2119,-75.1103,60.75,54,13,11.18,PE,1723302366
119,jamestown,42.097,-79.2353,70.02,59,75,16.11,US,1723302426
120,nabire,-3.3667,135.4833,74.84,93,76,4.07,ID,1723302612
121,luderitz,-26.6481,15.1594,64.31,56,90,12.71,NA,1723302353
122,petropavlovsk-kamchatsky,53.0452,158.6483,50.5,87,94,3.27,RU,1723302612
123,bathsheba,13.2167,-59.5167,88.41,74,40,14.97,BB,1723302612
124,rushville,39.6092,-85.4464,70.11,69,3,3.0,US,1723302435
125,ola,59.5833,151.2833,55.22,95,99,8.7,RU,1723302612
126,aoulef,26.9667,1.0833,111.81,8,0,21.39,DZ,1723302612
127,thunder bay,48.4001,-89.3168,53.83,84,100,11.79,CA,1723302612
128,nuuk,64.1835,-51.7216,47.01,100,100,4.61,GL,1723302319
129,berezovyy,51.6667,135.7,55.63,88,53,2.98,RU,1723302613
130,ancud,-41.8697,-73.8203,48.67,84,66,16.46,CL,1723302376
131,birao,10.2849,22.7882,80.71,82,100,4.85,CF,1723302613
132,twentynine palms,34.1356,-116.0542,92.14,26,1,1.21,US,1723302613
133,nemuro,43.3236,145.575,60.13,96,93,14.67,JP,1723302613
134,kodiak,57.79,-152.4072,51.31,82,100,0.0,US,1723302388
135,trujillo,-8.116,-79.03,60.76,88,100,8.05,PE,1723302551
136,ocean shores,46.9737,-124.1563,61.02,94,100,5.75,US,1723302614
137,tolanaro,-25.0319,46.9987,70.86,85,0,10.51,MG,1723302614
138,st. john's,47.5649,-52.7093,64.98,86,100,7.0,CA,1723302490
139,belyy yar,53.6039,91.3903,75.09,64,0,4.47,RU,1723302614
140,stanley,54.868,-1.6985,71.37,51,20,16.11,GB,1723302614
141,saynshand,44.8824,110.1163,65.98,68,100,12.5,MN,1723302614
142,hamilton,39.1834,-84.5333,72.73,62,40,6.91,US,1723302323
143,zyrya,40.3661,50.2917,81.93,61,0,11.34,AZ,1723302614
144,carnarvon,-24.8667,113.6333,68.79,81,0,10.11,AU,1723302614
145,haiku-pauwela,20.9219,-156.3051,71.26,82,9,5.99,US,1723302615
146,cacador,-26.7753,-51.015,52.56,46,4,3.42,BR,1723302556
147,kailua-kona,19.6406,-155.9956,74.28,87,100,0.0,US,1723302615
148,zhanga buqtyrma,49.6295,83.5248,66.83,80,16,21.05,KZ,1723302615
149,tagiura,32.8817,13.3506,86.22,58,0,11.12,LY,1723302615
150,pangkalpinang,-2.1333,106.1333,79.48,75,22,7.18,ID,1723302615
151,antsiranana,-12.2787,49.2917,74.52,70,0,16.89,MG,1723302616
152,ta`u,-14.2336,-169.5144,77.05,77,65,23.02,AS,1723302616
153,crawfordsville,40.0411,-86.8745,64.42,55,0,5.75,US,1723302435
154,khovd,48.0056,91.6419,76.24,27,56,7.36,MN,1723302616
155,usakos,-22.0,15.6,89.98,6,0,15.79,NA,1723302616
156,new norfolk,-42.7826,147.0587,51.4,80,62,5.68,AU,1723302616
157,crane,31.3974,-102.3501,84.04,51,60,15.41,US,1723302616
158,rogers park,61.1981,-149.8492,48.63,79,75,6.91,US,1723302616
159,tazacorte,28.629,-17.9293,76.17,65,20,13.8,ES,1723302616
160,iqaluit,63.7506,-68.5145,50.7,66,100,18.99,CA,1723302428
161,camp verde,34.5636,-111.8543,85.98,35,72,2.64,US,1723302616
162,fort st. john,56.2499,-120.8529,60.69,62,0,4.27,CA,1723302617
163,castel san giovanni,45.0583,9.4335,91.24,49,0,5.84,IT,1723302617
164,georgetown,5.4112,100.3354,82.33,83,20,3.44,MY,1723302522
165,olinda,-8.0089,-34.8553,82.13,57,20,10.36,BR,1723302617
166,ashburton,-37.8626,145.0794,50.63,84,0,1.01,AU,1723302617
167,tamanrasset,22.785,5.5228,98.51,9,0,5.75,DZ,1723302163
168,regina,50.4501,-104.6178,61.03,67,0,1.99,CA,1723302617
169,lemvig,56.5486,8.3102,63.84,75,0,21.56,DK,1723302617
170,kavaratti,10.5669,72.642,80.87,85,100,13.53,IN,1723302617
171,puerto ayora,-0.7393,-90.3518,67.78,78,98,10.27,EC,1723302618
172,enewetak,11.3474,162.3373,83.37,76,100,13.2,MH,1723302618
173,acarau,-2.8856,-40.12,88.83,52,2,16.44,BR,1723302618
174,bengkulu,-3.8004,102.2655,77.52,89,7,5.97,ID,1723302618
175,bechar,31.6167,-2.2167,107.76,8,82,6.13,DZ,1723302618
176,hachinohe,40.5,141.5,71.71,99,100,11.92,JP,1723302618
177,ambam,2.3833,11.2833,81.73,62,90,2.73,CM,1723302618
178,toliara,-23.35,43.6667,75.02,62,0,12.53,MG,1723302349
179,ljusdal,61.8288,16.0913,65.19,50,96,5.95,SE,1723302412
180,laojunmiao,39.8333,97.7333,70.54,20,0,2.08,CN,1723302618
181,hawaiian paradise park,19.5933,-154.9731,69.31,83,100,4.61,US,1723302618
182,polyarnyy,69.1989,33.4478,66.43,50,70,12.91,RU,1723302618
183,kone,-21.0595,164.8658,63.61,90,12,4.94,NC,1723302619
184,roslyakovo,69.043,33.1991,67.68,47,73,7.96,RU,1723302619
185,tvoroyri,61.5556,-6.8111,52.18,84,55,12.86,FO,1723302619
186,fort bragg,35.139,-79.006,86.68,71,0,4.61,US,1723302323
187,cholpon-ata,42.6494,77.0823,67.44,66,35,5.91,KG,1723302619
188,codrington,-38.2667,141.9667,46.58,93,43,6.29,AU,1723302619
189,vilyuchinsk,52.9306,158.4028,52.3,88,95,1.74,RU,1723302619
190,lewistown,40.5992,-77.5714,75.16,68,40,9.22,US,1723302619
191,axim,4.8699,-2.2405,79.99,72,100,8.77,GH,1723302620
192,enoch,37.7733,-113.0244,73.65,53,0,0.0,US,1723302375
193,port lincoln,-34.7333,135.8667,54.41,81,66,8.43,AU,1723302333
194,badger,64.8,-147.5333,49.91,94,100,8.05,US,1723302620
195,federacion,-31.0062,-57.8996,54.43,52,35,9.06,AR,1723302455
196,makubetsu,45.3714,141.8211,60.22,89,100,19.37,JP,1723302620
197,akranes,64.3218,-22.0749,49.35,81,100,4.59,IS,1723302620
198,perth,-31.9333,115.8333,62.02,86,40,8.05,AU,1723302620
199,quinhamel,11.8833,-15.85,81.36,82,100,12.91,GW,1723302620
200,lijiang,26.8688,100.2207,60.44,95,100,3.47,CN,1723302620
201,santa terezinha,-29.9002,-50.0904,54.72,66,78,15.86,BR,1723302621
202,alaghsas,17.0187,8.0168,86.47,52,100,2.24,NE,1723302621
203,sao jose da coroa grande,-8.8978,-35.1478,79.3,59,3,6.55,BR,1723302621
204,urucara,-2.5364,-57.76,97.54,28,15,3.56,BR,1723302621
205,alofi,-19.0595,-169.9187,60.69,94,40,1.14,NU,1723302621
206,santa rosa misiones,-26.8667,-56.85,56.35,56,0,4.05,PY,1723302621
207,klyuchi,52.2667,79.1667,56.55,91,91,12.46,RU,1723302621
208,riosucio,5.4216,-75.7032,70.59,71,95,1.23,CO,1723302465
209,nguigmi,14.2495,13.1092,86.07,56,100,3.49,NE,1723302621
210,gaspe,48.8334,-64.4819,70.99,77,100,11.79,CA,1723302621
211,onega,63.9061,38.1404,69.76,47,27,8.61,RU,1723302621
212,yuzhno-kurilsk,44.0306,145.8556,60.22,96,88,3.96,RU,1723302622
213,columbus,39.9612,-82.9988,73.35,64,40,6.91,US,1723302568
214,port blair,11.6667,92.75,82.44,89,40,2.3,IN,1723302622
215,punta arenas,-53.15,-70.9167,37.51,93,75,6.91,CL,1723302622
216,bedele,8.456,36.353,63.03,93,100,2.1,ET,1723302622
217,hotan,37.0997,79.9269,89.44,14,6,7.25,CN,1723302622
218,tazovsky,67.4667,78.7,57.29,65,79,10.6,RU,1723302622
219,xiulin,29.7167,112.4,85.12,77,100,2.51,CN,1723302622
220,queenstown,-31.8976,26.8753,68.79,22,100,22.77,ZA,1723302622
221,tirumullaivasal,11.2333,79.8333,85.78,69,74,11.72,IN,1723302622
222,priladozhskiy,59.85,31.4833,63.54,1,100,9.44,RU,1723302623
223,san jose del guaviare,2.5729,-72.6459,72.46,98,100,2.71,CO,1723302466
224,bamboo flat,11.7,92.7167,82.49,89,40,2.3,IN,1723302623
225,lihue,21.9789,-159.3672,76.59,81,40,13.8,US,1723302623
226,kavieng,-2.5744,150.7967,80.71,79,100,6.55,PG,1723302623
227,moree,-29.4667,149.85,54.46,66,75,7.99,AU,1723302623
228,lebu,-37.6167,-73.65,51.76,88,84,3.04,CL,1723302503
229,la passe,45.5549,-0.8967,87.13,44,4,4.54,FR,1723302623
230,ghat,24.9647,10.1728,104.18,9,1,8.43,LY,1723302623
231,west island,-12.1568,96.8225,80.58,74,95,6.91,CC,1723302623
232,twon-brass,4.3151,6.2418,79.63,78,44,15.52,NG,1723302623
233,salekhard,66.53,66.6019,59.29,67,100,10.27,RU,1723302624
234,kidal,18.4411,1.4078,106.45,11,32,5.93,ML,1723302624
235,stony plain,53.5334,-114.0021,60.33,63,4,1.99,CA,1723302624
236,paharpur,32.1038,70.9724,103.5,33,0,9.22,PK,1723302494
237,almeirim,-1.5233,-52.5817,92.1,48,60,6.13,BR,1723302624
238,potosi,-19.5836,-65.7531,44.98,9,30,5.28,BO,1723302624
239,tibanbang,6.6315,126.1055,81.97,80,11,9.35,PH,1723302624
240,el calafate,-50.3408,-72.2768,39.22,83,100,2.8,AR,1723302624
241,brisas de zicatela,15.8369,-97.0419,81.64,73,84,2.48,MX,1723302624
242,mongo,12.1844,18.693,83.1,71,80,6.29,TD,1723302624
243,kati,12.7441,-8.0726,86.38,63,96,3.91,ML,1723302435
244,brokopondo,4.75,-55.1667,78.62,79,100,4.47,SR,1723302624
245,buncrana,55.1333,-7.45,61.54,68,91,16.62,IE,1723302625
246,timaru,-44.4,171.25,39.92,69,64,5.64,NZ,1723302348
247,midvagur,62.0511,-7.1939,56.23,82,75,13.8,FO,1723302625
248,tralee,52.2704,-9.7026,70.05,64,20,5.75,IE,1723302625
249,camana,-16.6228,-72.7111,65.16,68,42,9.33,PE,1723302625
250,xinyuan,37.3,99.0,41.49,37,1,3.85,CN,1723302479
251,nizhnyaya omka,55.4338,74.9426,54.91,72,92,8.63,RU,1723302625
252,meadow lake,34.8014,-106.5436,79.95,36,4,12.17,US,1723302625
253,cill airne,52.05,-9.5167,69.85,64,20,5.75,IE,1723302625
254,newman,37.3138,-121.0208,74.17,26,7,4.52,US,1723302625
255,port elizabeth,-33.918,25.5701,69.94,52,86,8.37,ZA,1723302625
256,eastham,41.8301,-69.9739,76.95,96,100,10.36,US,1723302626
257,rongelap,11.1635,166.8941,83.3,75,91,14.76,MH,1723302626
258,cidreira,-30.1811,-50.2056,54.0,67,100,14.36,BR,1723302626
259,ouro branco,-20.5208,-43.6919,76.05,42,39,10.8,BR,1723302626
260,carlow,52.8408,-6.9261,69.78,54,72,10.87,IE,1723302468
261,luis correia,-2.8792,-41.6669,87.8,62,40,9.91,BR,1723302626
262,hovd,48.0056,91.6419,76.24,27,56,7.36,MN,1723302627
263,tual,-5.6667,132.75,77.86,87,51,20.8,ID,1723302627
264,tofol,5.3248,163.0078,83.46,70,65,6.29,FM,1723302627
265,porto torres,40.835,8.3972,88.61,52,64,10.49,IT,1723302627
266,tapon,10.0631,123.4453,80.49,84,100,3.85,PH,1723302627
267,verkh-chebula,56.0308,87.6218,58.42,96,59,2.64,RU,1723302627
268,san antonio de pale,-1.4014,5.6325,73.94,81,99,12.08,GQ,1723302627
269,paraiso,9.8383,-83.8656,71.94,73,86,6.49,CR,1723302364
270,tejen,37.3834,60.5054,97.32,19,0,8.63,TM,1723302552
271,shibetsu,43.659,145.132,60.35,95,79,11.16,JP,1723302434
272,porto novo,6.4965,2.6036,83.01,61,100,12.59,BJ,1723302628
273,matamata,-37.8106,175.7624,41.58,90,5,2.48,NZ,1723302628
274,alice springs,-23.7,133.8833,45.95,66,0,3.44,AU,1723302628
275,thurso,58.5927,-3.5259,60.3,73,74,21.81,GB,1723302629
276,peno,56.9262,32.7426,64.49,88,92,8.63,RU,1723302629
277,harper,4.375,-7.7169,78.24,75,64,10.58,LR,1723302614
278,al fqih ben calah,32.5009,-6.6906,112.23,9,0,8.55,MA,1723302629
279,chilliwack,49.1747,-121.9443,67.01,93,43,2.51,CA,1723302607
280,san rafael del yuma,18.4299,-68.6739,89.67,56,0,15.14,DO,1723302629
281,reggane,26.7158,0.1714,113.41,8,0,19.17,DZ,1723302629
282,sayat,38.7839,63.8803,92.05,17,0,12.33,TM,1723302629
283,severo-yeniseyskiy,60.3725,93.0408,57.24,99,100,3.4,RU,1723302629
284,kuta,-8.7233,115.1723,78.75,83,20,12.66,ID,1723302629
285,manokwari,-0.8667,134.0833,78.44,82,2,3.56,ID,1723302629
286,jinjiang,24.8198,118.5741,82.74,87,54,3.47,CN,1723302630
287,shenjiamen,29.9576,122.298,81.82,90,50,15.28,CN,1723302481
288,novokuznetsk,53.7557,87.1099,67.64,83,87,6.08,RU,1723302630
289,quellon,-43.1167,-73.6167,48.0,81,52,12.82,CL,1723302630
290,lepsy,46.235,78.9456,78.04,38,0,16.96,KZ,1723302630
291,inonu,37.3167,33.7667,71.38,66,67,12.39,TR,1723302630
292,santiago de cao,-7.9589,-79.2392,60.93,88,100,8.05,PE,1723302630
293,al bawiti,28.3492,28.8659,100.4,14,68,13.69,EG,1723302630
294,ma'an,26.9775,110.7211,80.46,84,100,3.06,CN,1723302630
295,salalah,17.0151,54.0924,77.09,94,100,8.05,OM,1723302630
296,padang,-0.9492,100.3543,78.17,90,64,3.87,ID,1723302631
297,lorengau,-2.0226,147.2712,79.61,84,95,8.1,PG,1723302631
298,colonia,50.9333,6.95,81.91,45,0,5.75,DE,1723302497
299,richards bay,-28.783,32.0377,73.94,56,0,8.43,ZA,1723302631
300,ghanzi,-21.5667,21.7833,85.77,6,0,5.44,BW,1723302631
301,vorgashor,67.5833,63.95,60.73,59,100,6.29,RU,1723302631
302,yelizovo,53.1873,158.3805,50.0,91,82,2.42,RU,1723302631
303,udachny,66.4167,112.4,47.82,68,95,4.29,RU,1723302631
304,antalya,36.7741,30.7178,87.1,75,75,9.22,TR,1723302631
305,biltine,14.5333,20.9167,87.91,54,100,8.08,TD,1723302631
306,naryn,41.4287,75.9911,61.16,47,40,6.08,KG,1723302632
307,angaur state,6.906,134.13,83.5,74,99,5.84,PW,1723302632
308,haimen,23.1935,116.6142,82.62,86,100,15.64,CN,1723302632
309,dudinka,69.4058,86.1778,59.31,61,0,15.46,RU,1723302632
310,chiredzi,-21.05,31.6667,88.57,10,0,7.34,ZW,1723302632
311,yarmouth,41.7057,-70.2286,75.96,95,100,11.5,US,1723302632
312,brandys nad labem-stara boleslav,50.1871,14.6633,83.12,42,50,12.53,CZ,1723302632
313,saint-pierre,-21.3393,55.4781,73.08,64,75,10.36,RE,1723302632
314,colares,38.7992,-9.4469,80.89,67,0,10.92,PT,1723302632
315,rozdilna,46.8433,30.0792,83.75,36,97,16.87,UA,1723302632
316,tarko-sale,64.9225,77.785,60.04,55,100,18.32,RU,1723302632
317,sitka,57.0531,-135.33,58.89,88,100,10.36,US,1723302633
318,mugia,43.1041,-9.2179,74.41,76,22,24.9,ES,1723302633
319,lukolela,-1.0605,17.1821,92.03,35,99,2.86,CD,1723302633
320,grand falls-windsor,48.9332,-55.6649,62.51,92,100,1.99,CA,1723302633
321,afaahiti,-17.75,-149.2833,71.73,74,81,8.99,PF,1723302633
322,vila velha,-20.3297,-40.2925,80.55,85,20,14.97,BR,1723302633
323,bom jesus,-9.0744,-44.3586,99.93,22,74,2.73,BR,1723302633
324,dom pedrito,-30.9828,-54.6731,52.3,61,3,7.18,BR,1723302370
325,mahina,-17.5065,-149.489,73.17,73,75,1.14,PF,1723302633
326,constantia,44.1833,28.65,79.7,60,75,4.23,RO,1723302634
327,ambon,-3.6954,128.1814,77.88,95,40,2.3,ID,1723302634
328,la'ie,21.6477,-157.9253,76.1,82,22,5.99,US,1723302634
329,gaomi,36.3833,119.7528,79.57,94,4,7.81,CN,1723302634
330,zaozersk,69.4005,32.4476,69.93,43,21,8.93,RU,1723302634
331,princeville,45.7668,-61.2985,79.54,86,99,10.0,CA,1723302634
332,taoudenni,22.6783,-3.9836,116.47,5,45,21.45,ML,1723302634
333,bajil,15.0584,43.2851,92.64,53,97,9.93,YE,1723302634
334,praia,14.9215,-23.5087,84.74,70,20,16.11,CV,1723302634
335,san luis de la loma,17.2706,-100.8939,81.45,76,94,0.18,MX,1723302635
336,mpika,-11.8343,31.4529,75.15,22,3,8.19,ZM,1723302635
337,sur,22.5667,59.5289,86.49,64,84,8.66,OM,1723302635
338,chibougamau,49.9168,-74.3659,62.17,90,98,1.68,CA,1723302635
339,tucurui,-3.7661,-49.6725,96.75,39,27,2.73,BR,1723302534
340,etrechy,48.4947,2.1949,86.45,51,12,3.0,FR,1723302635
341,valparaiso,-33.0393,-71.6273,64.04,51,0,4.61,CL,1723302372
342,lower hutt,-41.2167,174.9167,49.91,90,75,8.05,NZ,1723302635
343,tsiombe,-25.3,45.4833,71.31,68,0,9.24,MG,1723302434
344,sulak,43.2734,47.5146,81.18,62,64,11.81,RU,1723302635
345,at-bashi,41.1702,75.8106,66.24,46,78,2.98,KG,1723302635
346,dingcheng,32.1272,115.0394,81.54,87,100,6.2,CN,1723302636
347,hailar,49.2,119.7,61.81,84,100,8.55,CN,1723302636
348,nadym,65.5333,72.5167,55.62,76,100,13.56,RU,1723302636
349,kirensk,57.7853,108.1119,67.24,76,100,2.84,RU,1723302636
350,bambanglipuro,-7.95,110.2833,75.22,86,68,11.9,ID,1723302636
351,jennings,38.7192,-90.2604,74.71,54,40,5.99,US,1723302636
352,bogatic,44.8375,19.4806,90.91,30,2,9.31,RS,1723302636
353,praia da vitoria,38.7333,-27.0667,80.76,81,62,16.62,PT,1723302636
354,boca do acre,-8.7522,-67.3978,76.87,38,4,6.42,BR,1723302636
355,fale old settlement,-9.3852,-171.2468,81.41,80,81,18.77,TK,1723302637
356,usogorsk,63.4106,48.6872,63.43,54,92,5.88,RU,1723302637
357,petrolina,-9.3986,-40.5008,87.85,40,0,8.05,BR,1723302628
358,douentza,14.9951,-2.9517,96.62,38,100,7.67,ML,1723302637
359,kabwe,-14.4469,28.4464,81.45,12,0,9.06,ZM,1723302637
360,ust-nera,64.5667,143.2,55.08,94,100,4.83,RU,1723302637
361,nago,26.5881,127.9761,81.25,84,50,1.23,JP,1723302637
362,kapuskasing,49.4169,-82.4331,57.29,94,100,5.75,CA,1723302637
363,hood river,45.7054,-121.5215,71.49,76,14,8.99,US,1723302637
364,galliano,29.4422,-90.2992,84.2,65,0,9.22,US,1723302637
365,sassnitz,54.5167,13.65,68.56,61,13,20.96,DE,1723302637
366,tomohon,1.3346,124.8392,64.26,92,37,3.49,ID,1723302638
367,luanda,-8.8368,13.2343,71.33,79,10,12.93,AO,1723302638
368,tabas,33.5959,56.9244,108.77,10,0,16.37,IR,1723302638
369,altai,46.3722,96.2583,65.52,28,1,3.76,MN,1723302638
370,mangai,-4.05,19.5333,100.4,21,70,4.14,CD,1723302638
371,vila do maio,15.1333,-23.2167,76.89,80,70,22.32,CV,1723302638
372,hammerfest,70.6634,23.6821,75.65,46,75,4.61,NO,1723302638
373,nova vicosa,-17.8919,-39.3719,83.46,55,0,12.75,BR,1723302638
374,usinsk,65.9939,57.5281,60.93,64,100,6.06,RU,1723302355
375,kokopo,-4.352,152.2633,75.87,85,95,11.41,PG,1723302639
376,puerto maldonado,-12.6,-69.1833,64.8,59,40,6.91,PE,1723302541
377,tionk essil,12.7856,-16.5217,82.22,77,100,9.6,SN,1723302639
378,tver,56.8619,35.8931,63.32,89,100,8.43,RU,1723302639
379,freetown,8.484,-13.2299,75.78,91,100,11.68,SL,1723302640
380,mandalgovi,45.7625,106.2708,63.34,68,100,4.76,MN,1723302640
381,priob'ye,62.5206,65.5964,58.44,64,100,0.63,RU,1723302640
382,bahau,2.8079,102.4049,76.84,94,75,0.89,MY,1723302640
383,dazhou,31.2159,107.5009,75.31,87,98,1.72,CN,1723302640
384,utrik,11.2278,169.8474,83.1,74,100,14.81,MH,1723302640
385,darab,28.7519,54.5444,85.15,43,100,12.64,IR,1723302640
386,cabedelo,-6.9811,-34.8339,79.29,65,17,10.78,BR,1723302640
387,noumea,-22.2763,166.4572,72.0,99,38,10.38,NC,1723302640
388,bandarbeyla,9.4942,50.8122,77.13,85,100,32.97,SO,1723302640
389,sa pa,22.3402,103.8441,65.32,90,88,3.38,VN,1723302383
390,maxixe,-23.8597,35.3472,76.89,75,0,14.18,MZ,1723302641
391,ekpoma,6.7421,6.139,81.61,63,84,8.25,NG,1723302641
392,utraula,27.3167,82.4167,85.53,74,99,3.96,IN,1723302641
393,howard springs,-12.497,131.047,68.99,93,17,2.57,AU,1723302641
394,papakura,-37.0657,174.9439,51.58,87,75,4.61,NZ,1723302641
395,corner brook,48.9667,-57.9484,65.62,97,100,10.22,CA,1723302641
396,miyako,39.6367,141.9525,73.26,99,100,9.31,JP,1723302641
397,at taraf,25.3628,49.725,103.75,20,91,9.13,SA,1723302641
398,howrah,22.5892,88.3103,84.2,94,75,3.44,IN,1723302641
399,villa la angostura,-40.7617,-71.6463,36.27,97,99,11.56,AR,1723302642
400,nar'yan-mar,67.6713,53.087,64.35,63,38,9.48,RU,1723302642
401,san sebastian de la gomera,28.0916,-17.1133,79.16,69,0,10.36,ES,1723302642
402,ji'an,27.1172,114.9793,87.13,64,100,0.98,CN,1723302642
403,turpan,42.9333,89.1667,101.23,14,50,3.87,CN,1723302642
404,kununurra,-15.7667,128.7333,64.38,55,6,3.44,AU,1723302642
405,palikir - national government center,6.9248,158.1611,74.14,100,40,4.61,FM,1723302642
406,anahuac,27.2333,-100.15,87.84,49,0,11.97,MX,1723302642
407,ha tinh,18.3333,105.9,86.31,66,97,9.35,VN,1723302642
408,chonchi,-42.6128,-73.8092,47.64,83,60,8.72,CL,1723302642
409,gisborne,-38.6533,178.0042,50.14,87,71,2.46,NZ,1723302642
410,jinchang,38.4953,102.1739,77.47,20,0,6.69,CN,1723302643
411,yelan'-koleno,51.1523,41.2306,79.92,31,32,7.78,RU,1723302643
412,floro,61.5996,5.0328,55.36,94,75,19.57,NO,1723302643
413,cartagena del chaira,1.3349,-74.8429,70.5,100,100,0.76,CO,1723302644
414,lauro de freitas,-12.8944,-38.3272,82.42,65,40,16.11,BR,1723302606
415,santo domingo de la calzada,42.4285,-2.9555,100.27,17,33,12.12,ES,1723302644
416,las khorey,11.1595,48.1967,90.72,55,39,12.48,SO,1723302644
417,labrador city,52.9463,-66.9114,68.18,52,100,3.0,CA,1723302644
418,port-gentil,-0.7193,8.7815,75.15,85,36,13.8,GA,1723302644
419,dingzhou,38.5131,114.9956,79.5,47,0,5.86,CN,1723302644
420,khandyga,62.6667,135.6,57.49,78,36,4.52,RU,1723302644
421,agat village,13.3886,144.6585,80.37,95,100,3.33,GU,1723302644
422,weno,7.4515,151.8468,80.55,83,40,0.0,FM,1723302644
423,choyr,46.3611,108.3611,61.77,73,100,5.21,MN,1723302644
424,duong dong,10.2167,103.9667,84.2,84,40,6.91,VN,1723302645
425,remire-montjoly,4.9167,-52.2667,78.84,89,75,8.05,GF,1723302372
426,hadibu,12.65,54.0333,79.97,77,15,18.32,YE,1723302645
427,uturoa,-16.7333,-151.4333,74.84,72,39,10.74,PF,1723302645
428,coxim,-18.5067,-54.76,68.65,22,2,8.08,BR,1723302645
429,akureyri,65.6835,-18.0878,44.82,92,100,2.42,IS,1723302418
430,lai chau,22.3997,103.4517,70.12,93,96,1.54,VN,1723302645
431,kaiapoi,-43.3783,172.6401,49.06,97,100,2.3,NZ,1723302645
432,shimoda,34.6667,138.95,79.74,85,34,3.78,JP,1723302645
433,saldanha,-33.0117,17.9442,57.69,90,100,22.48,ZA,1723302645
434,ar ruways,24.1103,52.7306,93.74,66,75,13.29,AE,1723302645
435,tremonton,41.7119,-112.1655,71.96,54,0,5.01,US,1723302645
436,ulsteinvik,62.3432,5.8487,60.75,83,97,15.01,NO,1723302646
437,lautoka,-17.6167,177.4667,71.46,68,20,11.5,FJ,1723302646
438,olyokminsk,60.3736,120.4264,62.76,87,58,2.89,RU,1723302646
439,motueka,-41.1333,173.0167,42.15,88,60,4.34,NZ,1723302407
440,mbandaka,0.0487,18.2603,87.33,47,32,2.06,CD,1723302646
441,genhe,50.7833,121.5167,57.72,96,100,3.6,CN,1723302646
442,keelung,25.1283,121.7419,86.34,79,33,0.6,TW,1723302646
443,edd,13.9297,41.6925,91.99,64,70,11.05,ER,1723302646
444,borogontsy,62.6683,131.1683,60.49,60,88,4.99,RU,1723302646
445,island harbour,50.724,-1.2758,72.99,82,51,5.01,GB,1723302646
446,wronki,52.7105,16.3804,76.21,45,1,11.39,PL,1723302647
447,monroeville,40.4212,-79.7881,73.0,66,0,6.91,US,1723302393
448,turuntayevo,52.2,107.6167,65.28,67,21,1.95,RU,1723302647
449,swakopmund,-22.6833,14.5333,60.98,76,28,7.0,NA,1723302619
450,tarawa,1.419,172.984,78.89,89,20,0.0,KI,1723302647
451,al ghayzah,16.2079,52.176,77.13,87,62,18.81,YE,1723302647
452,taltal,-25.4,-70.4833,61.03,69,48,3.58,CL,1723302647
453,little falls,40.869,-74.2082,83.17,58,0,9.22,US,1723302647
454,adi keyh,14.8444,39.3772,69.8,57,70,8.99,ER,1723302647
455,kristiansund,63.1115,7.732,57.13,88,100,11.5,NO,1723302647
456,rafraf,37.1904,10.1837,82.29,72,0,10.07,TN,1723302520
457,korla,41.7597,86.1469,87.91,26,46,6.42,CN,1723302647
458,el matama,16.7095,33.3565,100.17,31,47,6.2,SD,1723302648
459,tura,25.5198,90.2201,75.65,97,83,4.74,IN,1723302648
460,coahuayana de hidalgo,18.7,-103.6583,78.69,87,100,1.88,MX,1723302648
461,cedral,23.8,-100.7333,67.93,65,96,5.39,MX,1723302648
462,taber,49.8167,-112.1518,66.22,36,96,6.13,CA,1723302648
463,mar del plata,-38.0023,-57.5575,54.95,57,15,3.0,AR,1723302589
464,hami,42.8,93.45,87.42,19,0,0.92,CN,1723302648
465,hradyz'k,49.2346,33.1361,78.66,50,26,7.78,UA,1723302648
466,debre tabor,11.85,38.0167,60.71,82,81,2.35,ET,1723302648
467,buka,40.8108,69.1986,85.5,23,0,16.49,UZ,1723302649
468,leesville,31.1435,-93.261,84.43,61,0,9.22,US,1723302649
469,port douglas,-16.4833,145.4667,68.92,87,35,6.11,AU,1723302649
470,kamina,-8.7386,24.9906,90.0,11,17,6.85,CD,1723302649
471,caister-on-sea,52.6481,1.7265,71.83,62,99,12.57,GB,1723302649
472,tabriz,38.08,46.2919,96.26,21,20,6.91,IR,1723302649
473,arkhangel'sk,64.5401,40.5433,73.51,53,20,6.71,RU,1723302595
474,chichimila,20.6167,-88.2167,85.93,72,100,5.08,MX,1723302649
475,flin flon,54.7682,-101.865,68.02,45,100,4.68,CA,1723302649
476,vernon,50.2581,-119.2691,64.44,62,100,3.0,CA,1723302412
477,coruripe,-10.1256,-36.1756,79.11,62,1,10.0,BR,1723302650
478,ketchikan,55.3422,-131.6461,63.07,88,100,8.05,US,1723302650
479,bikenibeu village,1.3673,173.1241,78.76,89,20,0.0,KI,1723302650
480,gazojak,41.1875,61.4036,94.37,17,0,8.14,TM,1723302650
481,cushing,35.9851,-96.767,67.87,64,100,5.75,US,1723302651
482,wangaratta,-36.3667,146.3333,42.94,93,0,4.23,AU,1723302651
483,brookings,44.3114,-96.7984,64.06,72,0,5.75,US,1723302651
484,monrovia,6.3005,-10.7969,79.05,72,100,11.99,LR,1723302651
485,petrovsk,52.3064,45.3917,73.58,46,47,11.43,RU,1723302552
486,neiafu,-18.65,-173.9833,70.48,73,75,8.05,TO,1723302652
487,baharly,38.4362,57.4316,97.61,21,0,10.47,TM,1723302652
488,el salto,20.3333,-104.5,68.79,83,100,1.95,MX,1723302652
489,juneau,58.3019,-134.4197,58.41,98,75,3.44,US,1723302652
490,smithers,54.7804,-127.1743,50.32,100,20,2.3,CA,1723302364
491,nueva gerona,21.8833,-82.8,88.27,65,50,12.12,CU,1723302652
492,pak phanang,8.3511,100.202,82.33,81,4,7.14,TH,1723302552
493,al kharijah,25.4514,30.5464,107.83,15,0,15.77,EG,1723302653
494,happy valley-goose bay,53.3168,-60.3315,75.83,41,100,5.79,CA,1723302653
495,cruz grande,16.7333,-99.1333,78.75,86,100,0.13,MX,1723302653
496,ad dilam,23.9915,47.1627,108.03,8,100,9.86,SA,1723302653
497,lupane,-18.9315,27.807,88.59,7,0,1.95,ZW,1723302653
498,kalmunai,7.4167,81.8167,83.73,77,100,6.67,LK,1723302653
499,cidade velha,14.9167,-23.6167,84.67,70,20,16.11,CV,1723302653
500,hassi messaoud,31.6804,6.0729,105.17,13,0,16.91,DZ,1723302653
501,ipatovo,45.7181,42.9036,87.96,27,72,9.1,RU,1723302653
502,gizo,-8.103,156.8419,78.46,84,100,6.73,SB,1723302654
503,santa rosa,14.3122,121.1114,78.03,98,98,8.16,PH,1723302654
504,cobh,51.8572,-8.2992,72.64,71,40,6.91,IE,1723302654
505,manadhoo,5.7667,73.3833,82.6,78,99,13.73,MV,1723302654
506,paradip garh,20.3167,86.6167,83.44,82,100,10.04,IN,1723302654
507,ulanhot,46.0833,122.0833,66.27,98,100,14.03,CN,1723302654
508,skikda,36.8762,6.9092,86.36,52,0,9.19,DZ,1723302602
509,betio village,1.358,172.9211,82.58,70,14,6.89,KI,1723302654
510,kabo,7.6994,18.629,76.05,83,100,4.88,CF,1723302654
511,vanimo,-2.6741,141.3028,78.15,90,38,3.53,PG,1723302654
512,xiva,41.3783,60.3639,95.02,18,0,8.21,UZ,1723302654
513,tikhvin,59.6451,33.5294,62.49,92,100,7.47,RU,1723302655
514,vila franca do campo,37.7167,-25.4333,78.33,66,23,10.13,PT,1723302655
515,sokol,59.4617,40.1206,63.12,92,90,6.33,RU,1723302655
516,porto franco,-6.3383,-47.3992,102.24,23,5,3.78,BR,1723302499
517,gulf shores,30.246,-87.7008,88.05,70,0,3.0,US,1723302655
518,lincoln,40.8,-96.667,69.13,68,100,10.36,US,1723302655
519,le port,-20.9373,55.2919,68.9,90,40,6.96,RE,1723302655
520,tsarychanka,48.937,34.4786,84.79,30,55,7.47,UA,1723302655
521,tugulym,57.0591,64.6425,56.1,74,99,3.56,RU,1723302655
522,arar,30.9753,41.0381,105.82,7,0,13.8,SA,1723302655
523,belmonte,-15.8631,-38.8828,80.11,64,57,12.19,BR,1723302655
524,waat,51.1454,6.4958,79.21,55,0,8.05,DE,1723302656
525,mancio lima,-7.6142,-72.8958,79.12,50,13,6.38,BR,1723302656
526,mahajanga,-15.7167,46.3167,78.13,56,0,7.65,MG,1723302656
527,holualoa,19.6228,-155.9522,70.56,89,100,0.0,US,1723302656
528,pacific grove,36.6177,-121.9166,55.08,95,100,8.99,US,1723302656
529,sheopur,25.6667,76.7,79.41,90,100,0.6,IN,1723302553
530,satuek,15.297,103.2919,82.33,81,41,7.9,TH,1723302656
531,rio san juan,19.6439,-70.0763,84.24,75,55,11.81,DO,1723302656
532,castillos,-34.1667,-53.8333,50.49,51,77,12.59,UY,1723302656
533,coquimbo,-29.9533,-71.3436,56.93,88,0,11.5,CL,1723302656
534,jiuquan,39.7432,98.5174,74.77,15,0,5.01,CN,1723302657
535,eten,-6.9081,-79.8642,64.65,77,100,8.05,PE,1723302657
536,bure,10.7,37.0667,64.36,93,99,1.39,ET,1723302657
537,novodvinsk,64.4165,40.8122,69.44,49,92,5.95,RU,1723302657
538,mount pearl,47.5166,-52.7813,64.15,85,100,11.99,CA,1723302657
539,mitchell,43.7094,-98.0298,69.17,55,0,5.99,US,1723302657
540,luena,-11.7833,19.9167,87.33,9,0,7.2,AO,1723302438
541,tornio,65.8481,24.1466,59.7,93,100,17.72,FI,1723302657
542,alesund,62.4723,6.1549,59.14,77,75,25.32,NO,1723302499
543,zhezqazghan,47.7833,67.7667,73.98,38,0,6.71,KZ,1723302658
544,berbera,10.4396,45.0143,92.35,49,63,7.23,SO,1723302658
545,guercif,34.2257,-3.3536,102.92,25,0,12.75,MA,1723302658
546,gulu,2.7746,32.299,75.96,77,61,4.92,UG,1723302658
547,pemangkat,1.1667,108.9667,79.99,83,100,4.92,ID,1723302658
548,labuan,5.2767,115.2417,81.88,79,100,4.97,MY,1723302658
549,colac,-38.3333,143.5833,43.99,93,6,0.74,AU,1723302658
550,kapa'a,22.0752,-159.319,77.32,85,40,13.8,US,1723302658
551,otjiwarongo,-20.4637,16.6477,86.22,6,0,5.79,NA,1723302658
552,rampur,28.8167,79.0333,81.23,86,100,4.47,IN,1723302523
553,carbonear,47.7332,-53.2148,64.35,82,100,16.96,CA,1723302659
554,pisco,-13.7,-76.2167,65.01,72,20,4.61,PE,1723302522
555,ramapuram,13.1167,79.2,85.06,61,100,3.91,IN,1723302405
556,san miguel,13.4833,-88.1833,84.36,73,96,1.28,SV,1723302659
557,iquique,-20.2208,-70.1431,64.24,62,51,7.4,CL,1723302659
558,manggar,-2.8833,108.2667,81.07,75,8,12.33,ID,1723302659
559,pyapon,16.2833,95.6833,81.01,87,100,7.56,MM,1723302659
